Status,Path,OriginalSHA256,UpdatedSHA256
Modified,PKCommands.NUnitTests/PKCommands_NUnitTests.DF10.2026.csproj,683cce1c907732900cdf260e7f8f1653a5806e1f8d8f92a2d0e3fa89060dd920,d808ccb766ae78ee06d3f5253b3c9d684c76a51da3fccca60ecc52c503e9a2e9
Modified,PKCommands/PK.Commands.DF10.2026.csproj,f2ed8607808ee85599ff25dc13d6288217a3e6aec6b614e8b00e607751814623,e74e6ee701ced847ef2f2f7f3e18a87935ec9ed83b801f2d6bc7ff6da0bd78a9
Modified,PKCommands_Tests/GZipTest/GZipTest.DF10.2026.csproj,ca141c816c914357c217f21a0d865dd7a83e58779ab95c3569cf5ef085bf5902,d48fe77049d35705e4c0f615df84156ffda741917c6141e298d849f05c58776f
Modified,PkUtils.NUnitTests/CloningTests/MakeCloneableBinaryTest.cs,73441312e1c4d94d73309a5d058a7f300d505f79d569c85a4759abb89ab64893,4746657d598d4db6569397159a15a4e6a92ed98c01deea4151a79e8a492dfb49
Modified,PkUtils.NUnitTests/ComparersTest/CompositeComparerTest.cs,92f4f35c57c509ee57287bd7f3c530c05c6416a85638fb05a8d584860eca0c76,5f97a18cc310d3647b41bd9882768b706748749b65b7ac6ec7033780d102f970
Modified,PkUtils.NUnitTests/DataStructuresTest/BSIDTests.cs,db5b179d08257742d5f77e000929578a537332b3426aea6198031051e660e891,a5d0df0c6155c15e5be4ed12e83b4b3846c88cd447850bdfdbc5e8e2a55d8b68
Modified,PkUtils.NUnitTests/NativeMemoryTests/PersonData.cs,7071e67598855cfa81226a54b28c8e4797b00afc10cf77e9568a9d20dd058670,158d0a452e6012de3f130d601e683b0b6ce435c1e0e5f215bd07588fe7d01c6f
Modified,PkUtils.NUnitTests/NativeMemoryTests/SegmentTests.cs,b492a7fd16058f30e0cceab902c74e6d1c9305747f8aedd0af639c33edc45f5b,611d4685f46549f8e614934f56bf5ad724e90d2b0b58ac4a2ed88e856870599a
Modified,PkUtils.NUnitTests/PkUtils_NUnitTests.DF10.2026.csproj,0e7eec26c9e6dfe30445b121ed1130e080241d303921a9b71aa1ee9bcee87782,03e5fee6c419527527df2ddb6d3aebe985561d77dac407aedd0ea0a1fe9e9239
Modified,PkUtils.NUnitTests/PkUtils_NUnitTests.DF80.2022.csproj,eaec525bc8df214bf252015778a6a7c33a917e08f14dda6b46e14b8d7f0275a1,42123d3f100ec719cc2e7c6c4898189926ed990d6273d4f68fe58acef4e38628
Modified,PkUtils.UnitTests/CloningTests/MakeCloneableBinaryTest.cs,02f4c8fea74dc30e8126ef6836698a5aa8a769979350ac9cdac5cbf998267495,65b80f13a9bf90f78619391920e2ee8b2c12fb14a0e7acc39bd315b1ea0adc70
Modified,PkUtils.UnitTests/DataStructuresTest/BSIDTests.cs,7f51599855af971ff0cd3d80062da8d846baf7c41b3a823e5a8987523aab1a12,7b42df904c19d39929548291fde50698c0d50aab2b37beb77866ba5fe324b1e3
Modified,PkUtils.UnitTests/NativeMemoryTests/PersonData.cs,e79a4e7cb0bb35861706317ca4da2b0252a56ab5dcd1d50ee71d9873c6d35527,a8ce210687d0fbb343346d86dc7b427777d59cf504dfe86d9a55f5346b09de6a
Modified,PkUtils.UnitTests/NativeMemoryTests/SharedMemoryTest.cs,56de9a37af879d342c0d6a10e7c2b64a933e8d8144d40d5d6254a2c80977665f,dd32419aff3d0bbb955d2bded75501eebf516eae6803a80295565ad42e1aac1c
Modified,PkUtils.UnitTests/PkUtils_UnitTests.DF10.2026.csproj,c20b22663af9fa4fb66213b4d2bb3348ed2894649da0ec504f3971e6d688c021,aa4d3508e1f5d64828ca9f27a237e8550a66c82422d054c698fc10685088e2d4
Modified,PkUtils/Cloning/CloneHelperBinary.cs,5a6dcdbc8b8f695584e97ad16f64dc702237bd1fcb9708688abceca64a18173d,ea36b82f91f9179aff920636eee65a1ad403db7cd92866219889fda43bcab0f0
Modified,PkUtils/Cloning/CloneHelperByContract.cs,82e13b521baccf548a247d12e9ff3f5dbdb00667780cd004afdb119346a044a3,f09e8ac9d84b8740ea0876f44d1ef403e28d5b908217d6b07611d9fdcc1430ed
Modified,PkUtils/Cloning/MakeCloneableBinary.cs,b5014f3ae6de824938dc59b02b21cd0d3cd402ca89a129188d9849711da67ce3,9a9f12033f6f54e48017d11a032c8a0d0d13c617e3dfa9da8f25a2396a0a2e96
Modified,PkUtils/DataStructures/BSID.cs,2695db27f915c96880696b0ac8390f20a4291e31ed4e05928393174e1bab1544,36b1a93055fa48afa3cfa116ebc520e22a4b802cb95f180023dd7ec1e7e0794f
Modified,PkUtils/IO/ApplicationObjStorage.cs,bf03da3ed5cbbff9120f468ee8ef6a7740e75b5bdde2fc7ab1b287c74a62290c,91e2138f07b6d3e90d51ae92453f77b787b4751f56505a24686cea70ea700d1e
Modified,PkUtils/IO/ApplicationStorage.cs,b9a81f55aeec996d0b4c931cd656126c371dcf83cb2afadf451d1a6444e1b9bf,5adf382eab4907cf5035a63d0a173be966d3ac2e826daeae65b030d543f7137a
Modified,PkUtils/NativeMemory/Segment.cs,4bf3f5cca1c6673643e4a9de1a199bc331b03b5431697f0c33fc73cea456f6a6,1e6158ab47b0825e1a892ace64c5b20672177664686b71480765c70b88b43300
Modified,PkUtils/PkUtils.DF10.2026.csproj,218ece7f50aad6600201f759bff7c53faf1950349ebf7c850b03e7305a5bf35d,ecbda557f78acbd3f3cfe1dcf1520f592c809dc673121867c6a7f7b45cf95da3
Modified,PkUtils/PkUtils.DF80.2022.csproj,fe789840ebc6c5b0b3afa5595652f93544e5173d0d83752ed16c60e205516b2b,5192953cb128eb982fcd9c81f6635220f10cc1639018fc77f4905c8a2c3e14d9
Modified,PkUtils/UI/Dialogs/PSTaskDialog/VistaTaskDialogEmulator.Designer.cs,eec27df317c042018f51ae7938e2e3c44e49590e60e3441f0d4fcbf888e86411,b4c3433174646d45917a7658f03dc596b87ed95c896cae9f5132ae77ce81ee85
Modified,PkUtils/UI/Dialogs/PSTaskDialog/VistaTaskDialogEmulator.resx,d285dea7b646a9b1c80d70ee37f0b119e38bdf4ce7299a4de18d7c9e8c0b4276,6c52ada9d0c0bc28e6bc8a0e529e19489ba29da3355306f218d7015ac33bf9e9
Modified,PkUtils/UI/Layout/FormLayoutPersister.cs,fa7c49b1af9ff64f748a63e2de543767fea158e16f78e5d097676967d9429ad7,5db155159c6d3825da6082050685f96dfbbf3c49b78b7e5f3c3540fadf4b370b
Modified,PkUtils/UI/Layout/FormWithLayoutPersistence.cs,832240b539f21b739357995010a1b91642f6ebf78f4ac86d11486ef3134ee30d,0e3b02661298cdc1fda5e1e585de8d8f57ad0784a5b8265c9cd149d460dc70bb
Modified,PkUtils_Tests/TestBinding/TestBinding.DF10.2026.csproj,47606bdddd7b2e7ad648a3882a219e1cc36f4bb7b2907ee7aaf267d77992555e,412c7e12286aca63644a6d22a2d5c7f8c6b1ee4c0c66910ee19d9e3370cf4e04
Modified,PkUtils_Tests/TestC#DoesShell_1/TestCSDoesShell_1.DF10.2026.csproj,5f3add81beb963ac612c33f34aaef59ce8dac892b859d1f9c0faefa869699a94,c7f6062f7b40d436bb264c98627365f1f145b088fd4b32f2fa452da5da35034a
Modified,PkUtils_Tests/TestC#DoesShell_2/TestCSDoesShell_2.DF10.2026.csproj,b51f0e4c0dc3d4ed2b9c891fb89465b2aa25dfd02cf270bdf1a16023d75ab363,130e213c9f2e4eab9d19cae40dac03d2307db45da5b384ee42b844fc7326499a
Modified,PkUtils_Tests/TestC#DoesShell_3/TestCSDoesShell_3.DF10.2026.csproj,9c0256199ccf79b98c3a7df6539a37543b40fa26356d345aa5ed4e35b84fbe95,058cad2edd70e50ed46881cf7c29909ab9e88900afb190534127e949060d0c50
Modified,PkUtils_Tests/TestClipboardMonitor/TestClipMon.DF10.2026.csproj,082ef6f578e9a4ee8b9951f5703c8b5d63a611d31751990ca14c045c0d8bf7e3,cf023b1b269e9f8482c8cc8b6b0b86bfa8ae18084c908b787abf4ba06fe3c3a7
Modified,PkUtils_Tests/TestCloning/ClipboardImageFormatDataDict.cs,6c1fe73c2b65924383912201933a45db0e4fe28c6f9064501d761e582be19e92,3c0aae5c77ed55f3bac513270c56fdf209e8b17a5f65efbe99e8d73b94a23b48
Modified,PkUtils_Tests/TestCloning/TestCloning.DF10.2026.csproj,c1c07034b70999ded7ea85ad98c7336b3c53b1079b0db295bce0710a59a1324a,72f6dab73229a1f69022258a8104273a58132f054762b4634bdcdfdb17de22c6
Modified,PkUtils_Tests/TestCloning/TestCloningBinary.cs,fd54d037dfdfa29572aed64def3853dbe98bf2aefcc617041bef44f64ceabc62,59629d6ef1a9829a111bc6bf3e6875b4172f603dcf921d047ea242b70487d3b6
Modified,PkUtils_Tests/TestComparers/TestComparers.DF10.2026.csproj,329b847f0cf7aaeb24ab4b7756f4c7e8e525efaf346ab803aa064af0f444c8e9,056d9a7892c3545b8c9e04776e5a5a81de5110342d1ce9437c01ff1ea8fc2cbe
Modified,PkUtils_Tests/TestCompositeImages/TestCompositeImages.DF10.2026.csproj,390971d43e596bea7cb28349230264eaafa2225da7b358e14a994dad392d1075,deea09ea28abcd00a25d25a965a988be43871cc5baa56298ec1c45bdcee4c27c
Modified,PkUtils_Tests/TestConcurrency/TestConcurrency.DF10.2026.csproj,5ed53518802fee51d9eea0ad3f266579deb7d2e4d3a85a9d29ae31d7cc58d50d,9f5f5f53f7a4c8f5fb15602450ea22dc8ad3cf2cd62595a561160b24530f7753
Modified,PkUtils_Tests/TestConsoleAppWithIcon/TestConsoleAppWithIcon.DF10.2026.csproj,20dbbaee44497e79554fa40394a65fafac4adbcf54dc8caa89e478c9f80527d8,93ea7d00a1b7b21bc5d0bbbe9f7bbe18163206566c7a4b9440a49bfe733fffc5
Modified,PkUtils_Tests/TestDumperTextWriter/TestDumperTextWriter.DF10.2026.csproj,0a1a6035bc39fd6f8ce762f17ad89b8fd09ed3a0da2fb139c2c5949f2568506f,d070ff1abe8ade4cf14c58bd328cc32d8a66810f096c29400f790e872abf7784
Modified,PkUtils_Tests/TestErrorDisplay/TestErrorDisplay.DF10.2026.csproj,ea6abdc70274a0c92b5266877cef241406ecde5d8fa43a4fecea2881cd903067,be2e10de508cc65536137d7130995410102bfac59334c35910a17f9dea7f430d
Modified,PkUtils_Tests/TestExceptionHelper/TestExceptionHelper.DF10.2026.csproj,5955209c2f7420b2bdd15eddd5637e96ef83400a7e22a01faaf5d88bdb8a9be6,a381b4f218584482fc1156ec7a63eeda393db695db10b020b811a7b862ee86cb
Modified,PkUtils_Tests/TestFileLock/TestFileLock.DF10.2026.csproj,1935ea50df16a2af01bac4dc4f69d743d8296d4edc7e4ea7486b62730bafd158,e25df3064c062d882c10b794c1c000b3bf4bb65e0e99ce084826aa14f100b544
Modified,PkUtils_Tests/TestGetFiles/TestGetFiles.DF10.2026.csproj,5e8fc0019204e34a7383fa11e6b6b2adbb80e20e0c9168fa216177bd8a8e1b4c,6f0d14f18f0d241245f205773783dea45d1d9ee2386baf54ba5a8f779f613647
Modified,PkUtils_Tests/TestMsgBoxObserver/TestMsgBoxObserver.DF10.2026.csproj,6f35d8cc5ce392f41814c44ade710ec4d10e8718cbb9727f28f4d523480f3590,95092fe61a60df3c64a20a37c71b77a8caffc69a550b9aac595009bf07ea54fc
Modified,PkUtils_Tests/TestMsgBoxYesNoAll/TestMsgBoxYesNoAll.DF10.2026.csproj,fe6644a3f0c5bda5d2121f1f3a15e85e327baf0f07f759c0529cd502a36ebdcd,59a0ea28d5f9cef88386f51934049d309c4dab3fa86bb72ecfba30274a65f18a
Modified,PkUtils_Tests/TestMultiSelectOwnerDraw/TestForm.Designer.cs,2f093bd6d10bced9d6bcd068663b6d238d9aebfcf2bdfc26a968dede35b343b2,ea37839d255fbcc5e922cf803c6972077b415f74678700ccc0c6af22a05631d5
Modified,PkUtils_Tests/TestMultiSelectOwnerDraw/TestForm.resx,11be74344dcd4ba19022c4f6f3623e14c4248cadd7149b1633156067edd33eb3,559aae2a1702e0620e00d6604eb8ab6fc86c27a6182c2248c88fad9c12ea88e7
Modified,PkUtils_Tests/TestMultiSelectOwnerDraw/TestMultiSelectOwnerDraw.DF10.2026.csproj,5f3163e5a2fe1206235c1cc41d31f4df5d8891854087c02c7992e7bf5ff14b8e,b649c22b739cbcfe129549203974fb7a95c8cd40b8f07d4de1ea251583ee7c1d
Modified,PkUtils_Tests/TestMultiSelectTreeview/TestForm.Designer.cs,b037a8170bc812d900787f9ef607d81450f9441b0a4d12e712ca0855d927130e,8850b03b007c539a2f25ec5e08b25e565fa29f3640da6667a8294200539ad8cc
Modified,PkUtils_Tests/TestMultiSelectTreeview/TestForm.resx,247a70b7380c2da61c7464db1dced05183d4bad69f4317ea2035ce951b228e32,a360cce7b9da518adc095335f7d981d57b412fb60a3e5168a090e4f4da7842e5
Modified,PkUtils_Tests/TestMultiSelectTreeview/TestMultiSelectTreeview.DF10.2026.csproj,f6b47a0fd2a568bb55f13606c5d84bee7e3aafe8f4a447c88b17735da8224071,147f914b2e1ad6c4d7684eef233d7e25fcc1641258d8f3df2381344db855f362
Modified,PkUtils_Tests/TestPropertyGridCustomCollectionEditor/TestPropertyGridCustomCollectionEditor.DF10.2026.csproj,6e44afc8b89f19dd948a05d60a9a77a28a0c9c31643ece57062e9160963d02f2,232c2543806c77ce339de6f458317896fdf252bc26cad7c4da1d7e3475fa29b6
Modified,PkUtils_Tests/TestSerialPortListener/TestSerialPortListener.DF10.2026.csproj,a0a005ac2a48c82d2500484c07ea2e768b6dddcd150a9649d0566c9b01a51079,3e6127841150226a5f7e07d5ebee205735c27d912ff552431328be1c468440d2
Modified,PkUtils_Tests/TestSharedMemory/TestSharedMemClient/App.cs,88079ba596d0b4041f731c9eeda00a921073b35682080d1e6598e8b725ca1738,66cdfd35fcee30978a16a7f50d1e13fa0e793401838c720bbfdcb7798ec0a458
Modified,PkUtils_Tests/TestSharedMemory/TestSharedMemClient/TestSharedMemClient.DF10.2026.csproj,f2192a2c97a1538ba49d7bad5c915acb97f482cc98d54d195eb8acb88682e24c,82bdf7ccd9ff04baf61414fb6baa5244562684af47cc13ff7218ab5231dffbe5
Modified,PkUtils_Tests/TestSharedMemory/TestSharedMemClient/TestSharedMemClient.DF80.2022.csproj,8964c9b4529e98d55c97d2e5f85df0738691ac019946880d969a81599d4a0925,0ed8ee530608b66bf84910ddbb0ea867a237ef8ae877e7300f1182b03c2f4495
Modified,PkUtils_Tests/TestSharedMemory/TestSharedMemServer/App.cs,0f699459775a9cff100dc92f9d52a9c18ddcca1bc40e8ae274e45dfbf674488c,7b8219d8d17e7138f0fc8866819534dd2c475335bd971c813731c960d2df736c
Modified,PkUtils_Tests/TestSharedMemory/TestSharedMemServer/TestSharedMemServer.DF10.2026.csproj,ce676dabfaa4353981435c1f430730be538754ad92c5db6f85e0bdfa72b8aa83,933d096ae5b4068233133ee68e74980f3d0487e01a0d519b1fd488fd22ca74ed
Modified,PkUtils_Tests/TestSharedMemory/TestSharedMemServer/TestSharedMemServer.DF80.2022.csproj,b92d16a89b3d2730e49d5099ed853b455f135eeba09e962caa256a3e924b5439,b68d987c1ee215d520da177f61d2a33615dbe41c93f081abb5a50d3702c30433
Modified,PkUtils_Tests/TestSharedMemory/TestSharedMemXferObj/PersonData.cs,d83defddea2d6a37b50ddd4703016b30a4d2a629f18488aa63562410372aba30,11ce528af5a645bb363601e74619f746ded3f098373fa0041147dcbf49765c9d
Modified,PkUtils_Tests/TestSharedMemory/TestSharedMemXferObj/TestSharedMemXferObj.DF10.2026.csproj,349c3943a723b1dedf3af545611ce7e3ac10ea83a1b867838aaa09834baeff91,f2fa5a5da29873d1fd2002f87b4a025d151c0e5559359d9a7ffd8c976ba55d2f
Modified,PkUtils_Tests/TestSharedMemory/TestSharedMemXferObj/TestSharedMemXferObj.DF80.2022.csproj,349c3943a723b1dedf3af545611ce7e3ac10ea83a1b867838aaa09834baeff91,f2fa5a5da29873d1fd2002f87b4a025d151c0e5559359d9a7ffd8c976ba55d2f
Modified,PkUtils_Tests/TestSingletonGeneric/TestSingletonGeneric.DF10.2026.csproj,981520c0a90ca216682e81d2d60f780d97c5f0742bf05d4539c84a8811be362c,69830cb9db5dbb6b6c9d2264625809267d469a09891cb05f3286ebcb231a6596
Modified,PkUtils_Tests/TestSplash/TestSplash.DF10.2026.csproj,e38a254a191712c5b4f82fa04a0167b4deef3f9180c0bb65c3630ea1c506bca1,5f891303a6b5da121c62b630dd4d8c822d36d5d974ce279ce639079560d55739
Modified,PkUtils_Tests/TestSubstEdit/TestSubstEdit_CS/SubstEditLib/Subst/SubstObjectsLogical.cs,5cb65acd096b74f56455e2a327d5f8168cba61d7e5bd47f5c256711459b7031e,f465627971e10c8dc2d0959badbb16648a5e44eb973a32002669b645f6ab0b38
Modified,PkUtils_Tests/TestSubstEdit/TestSubstEdit_CS/SubstEditLib/SubstEditLib.DF10.2026.csproj,9f1f95aa7fb0dce4ea32481cdf5a882f2c0702c383bc5aa0db4c638935134750,23df1045c206c24fde417525e66b60312b5072ba09e3e5ae072e469d3f3ee3d2
Modified,PkUtils_Tests/TestSubstEdit/TestSubstEdit_CS/TestTgSchema/MainForm.cs,a2a2671fff9839bafd2547ca273e8882181f767f3bfcff9332ed0122f8d1276f,a998d7648c70a8bb7b68334d1bb84fc0a8cdc5ef9dbcaf898777ea4e8cbdb9e7
Modified,PkUtils_Tests/TestSubstEdit/TestSubstEdit_CS/TestTgSchema/TaggingFieldTypes.cs,2100ac6006e6a467ca4ddd4ff29adfd0e26451d1451cab8dd0c28b35276db3e2,8e43636af86971fb5c04697bac6239fbef734dd88118341aecd170615f4cb8a8
Modified,PkUtils_Tests/TestSubstEdit/TestSubstEdit_CS/TestTgSchema/TestTgSchema.DF10.2026.csproj,2bb1fb959930f0dbfe2c66d927b9ed4f1d4dda117120ea19cf5ec06cd0f690af,f422d4ae9a389d7619266b4b3bc2af50dc5c078638b5a296fa4a9ad17f5c38ce
Modified,PkUtils_Tests/TestSubstEdit/TestSubstEdit_CS/TestTgSchema/TextBoxCtrls/TaggingSchemaTextBoxGenericCtrl.cs,3e2f43e9b63f7e5ac40c6f7a4e968c3e695ec8bb2f4735dd1fafa52173957df3,0ad39b200280c55e72e4d3593c4a73c92c3fae2d1f57674067dbeae177d1faa1
Modified,PkUtils_Tests/TestSystemHooking/TestSystemHooking.DF10.2026.csproj,a04dd8a6641b9500a0a79ff55e8c6d15f811392760e526e04600aeabf67ebae6,0990b22b631811c03fd42b6ba125519032d6cdd814b4b303a7a9827fb487787c
Modified,PkUtils_Tests/TestTaskDialog/TestTaskDialog.DF10.2026.csproj,ab9d27891d369373bcbe0defbb3126a62a9057394a9912d8158562bb5c2b7a07,6a21fa428e96e7ebf0b6715398e16f753959bab679f609b7bcdfc322deaf860c
Modified,PkUtils_Tests/TestTooltip/TestTooltip.DF10.2026.csproj,1fa9f97cf1d55a70bc09d2f1c5bd3975d41ac7775759b4e37a6589fcefc94b2a,d1b0a295b66d0327016ec079a15b40a364174b058f4ab61110d5b88b9bf8adf5
Modified,PkUtils_Tests/TestWeakRef/TestWeakRef.DF10.2026.csproj,e010de94e5611360ee0da6907b02a1d7600f1b19848a316f3f127821cd744831,a5ee9aaecd365e01dbf6322ca07876b0447d7cb992854d0ec6428fc51126b944
Modified,PkUtils_Tests/TestXMLSerializer/TestXmlSerializer.DF10.2026.csproj,6604d8bdc778bc217caaa172c4be88b831469aeef5164e3e692c9b8bb8f0b5a0,17c56e12e54304a1517c1cbdc668f18fae93eff6e3552482fa0eb1b248699006
Modified,PkUtils_Tests/Testmemcmp/Testmemcmp.DF10.2026.csproj,6e07377402995bb1b694cb1a298b19cfd8b0923987cee82f3b65b6536d627f01,0b043c415f1978d44551ff13adc317c0e0d6054fb415f5a942a52089cc328788
Added,PkUtils.NUnitTests/IOTests/JsonMigrationTests.cs,,11dc5a7229a5bc72698065ea250f7b23e1fabab7dde7f45504fa72f67cfca583
Added,PkUtils/Cloning/CloneHelperJson.cs,,644100217a220e981b918d353f4544a95e4b552102034f27ee05cc7eba5a1dd1
Added,PkUtils/IO/ApplicationObjStorageJsonConverter.cs,,f5caceff95b8bec7113865898320bb63a0967e8f09dc232e6f3e392a86340164
Added,PkUtils/IO/ApplicationObjStorageTypeRegistry.cs,,637454b9ff64bedb125d5619f697e5a68c4140b8b2fcdfa732dd4da8dcdaf9b9
Added,PkUtils/Serialization/JsonObjectTypeRegistry.cs,,9f12269b5b3bbc8a7f8228d3982ca0a11feaf74d8883db4b2dceecbf0d31932e
Added,PkUtils/Serialization/RegisteredObjectJsonConverter.cs,,05ae5cbddf0d16ba4b1f172f099d943ad851a074aa27680a45c91e4619e43844
Added,PkUtils/UI/Utils/ImageResourceLoader.cs,,4114235ece3f7bf9e2fb8e694e0b891847c478bf52d21320575325bdef2fedd4
Added,PkUtils_Tests/TestSubstEdit/TestSubstEdit_CS/TestTgSchema/TextBoxCtrls/TaggingSchemaJson.cs,,b8f13e49e5e3d65ebd618e61e4864e19a3af6125037c95e01433de48d1c0b701
